{
    "accuracy": 0.8,
    "precision": 0.8055555555555556,
    "recall": 0.8529411764705882
}