{
    "accuracy": 0.7277777777777777,
    "precision": 0.8533333333333334,
    "recall": 0.6274509803921569
}